{
  "layerSizes": [
    5,
    1
  ],
  "weights": [
    [
      [
        0.82723501875402183,
        0.06701177873975217,
        -0.0073210005682525781,
        -0.052710409766393851,
        0.28817399651192788
      ]
    ]
  ],
  "biases": [
    [
      0.953193362780471
    ]
  ],
  "Id": "522ce329-1cb7-4eca-a6aa-c5e84355c242"
}